<?xml version="1.0" encoding="UTF-8"?>
<project version="4">
  <component name="ProjectInspectionProfilesVisibleTreeState">
    <entry key="Project Default">
      <profile-state>
        <expanded-state>
          <State>
            <id />
          </State>
          <State>
            <id>Assignment issuesJavaScript</id>
          </State>
          <State>
            <id>CSS</id>
          </State>
          <State>
            <id>Control flow issuesJavaScript</id>
          </State>
          <State>
            <id>Cucumber</id>
          </State>
          <State>
            <id>DOM issuesJavaScript</id>
          </State>
          <State>
            <id>Django</id>
          </State>
          <State>
            <id>General</id>
          </State>
          <State>
            <id>GeneralJavaScript</id>
          </State>
          <State>
            <id>Google App Engine (Python)</id>
          </State>
          <State>
            <id>Ignore</id>
          </State>
          <State>
            <id>Ini Files</id>
          </State>
          <State>
            <id>Invalid elementsCSS</id>
          </State>
          <State>
            <id>JSON</id>
          </State>
          <State>
            <id>JavaScript</id>
          </State>
          <State>
            <id>JavaScript function metricsJavaScript</id>
          </State>
          <State>
            <id>JavaScript validity issuesJavaScript</id>
          </State>
          <State>
            <id>Potentially confusing code constructsJavaScript</id>
          </State>
          <State>
            <id>Puppet</id>
          </State>
          <State>
            <id>Python</id>
          </State>
          <State>
            <id>SQL</id>
          </State>
          <State>
            <id>Sass/SCSS</id>
          </State>
          <State>
            <id>XML</id>
          </State>
        </expanded-state>
      </profile-state>
    </entry>
  </component>
  <component name="ProjectLevelVcsManager" settingsEditedManually="false">
    <OptionsSetting value="true" id="Add" />
    <OptionsSetting value="true" id="Remove" />
    <OptionsSetting value="true" id="Checkout" />
    <OptionsSetting value="true" id="Update" />
    <OptionsSetting value="true" id="Status" />
    <OptionsSetting value="true" id="Edit" />
    <ConfirmationsSetting value="0" id="Add" />
    <ConfirmationsSetting value="0" id="Remove" />
  </component>
  <component name="ProjectRootManager" version="2" project-jdk-name="Python 2.7.10 (/usr/bin/python)" project-jdk-type="Python SDK" />
</project>