<?xml version="1.0" encoding="UTF-8"?>
<project version="4">
  <component name="ChangeListManager">
    <list default="true" id="a396ce51-5d83-437d-8481-367a389bd1b9" name="Default" comment="" />
    <list id="33cfa665-3d93-4af9-933b-82110a19d1d8" name="New changelist" comment="">
      <change type="NEW" beforePath="" afterPath="$PROJECT_DIR$/.idea/XcxShopApp.iml" />
      <change type="NEW" beforePath="" afterPath="$PROJECT_DIR$/.idea/misc.xml" />
      <change type="NEW" beforePath="" afterPath="$PROJECT_DIR$/.idea/modules.xml" />
      <change type="NEW" beforePath="" afterPath="$PROJECT_DIR$/.idea/vcs.xml" />
    </list>
    <ignored path="XcxShopApp.iws" />
    <ignored path=".idea/workspace.xml" />
    <ignored path=".idea/dataSources.local.xml" />
    <option name="EXCLUDED_CONVERTED_TO_IGNORED" value="true" />
    <option name="TRACKING_ENABLED" value="true" />
    <option name="SHOW_DIALOG" value="false" />
    <option name="HIGHLIGHT_CONFLICTS" value="true" />
    <option name="HIGHLIGHT_NON_ACTIVE_CHANGELIST" value="false" />
    <option name="LAST_RESOLUTION" value="IGNORE" />
  </component>
  <component name="CreatePatchCommitExecutor">
    <option name="PATCH_PATH" value="" />
  </component>
  <component name="ExecutionTargetManager" SELECTED_TARGET="default_target" />
  <component name="FavoritesManager">
    <favorites_list name="XcxShopApp" />
  </component>
  <component name="FileEditorManager">
    <leaf>
      <file leaf-file-name=".gitignore" pinned="false" current-in-tab="true">
        <entry file="file://$PROJECT_DIR$/.gitignore">
          <provider selected="true" editor-type-id="text-editor">
            <state relative-caret-position="18">
              <caret line="1" column="6" selection-start-line="1" selection-start-column="6" selection-end-line="1" selection-end-column="6" />
              <folding />
            </state>
          </provider>
        </entry>
      </file>
    </leaf>
  </component>
  <component name="Git.Settings">
    <option name="RECENT_GIT_ROOT_PATH" value="$PROJECT_DIR$" />
  </component>
  <component name="IdeDocumentHistory">
    <option name="CHANGED_PATHS">
      <list>
        <option value="$PROJECT_DIR$/.gitignore" />
      </list>
    </option>
  </component>
  <component name="JsBuildToolGruntFileManager" detection-done="true" sorting="DEFINITION_ORDER" />
  <component name="JsBuildToolPackageJson" detection-done="true" sorting="DEFINITION_ORDER" />
  <component name="JsGulpfileManager">
    <detection-done>true</detection-done>
    <sorting>DEFINITION_ORDER</sorting>
  </component>
  <component name="ProjectFrameBounds">
    <option name="x" value="86" />
    <option name="y" value="23" />
    <option name="width" value="1354" />
    <option name="height" value="827" />
  </component>
  <component name="ProjectLevelVcsManager" settingsEditedManually="true">
    <OptionsSetting value="true" id="Add" />
    <OptionsSetting value="true" id="Remove" />
    <OptionsSetting value="true" id="Checkout" />
    <OptionsSetting value="true" id="Update" />
    <OptionsSetting value="true" id="Status" />
    <OptionsSetting value="true" id="Edit" />
    <ConfirmationsSetting value="0" id="Add" />
    <ConfirmationsSetting value="0" id="Remove" />
  </component>
  <component name="ProjectView">
    <navigator currentView="ProjectPane" proportions="" version="1">
      <flattenPackages />
      <showMembers />
      <showModules />
      <showLibraryContents />
      <hideEmptyPackages />
      <abbreviatePackageNames />
      <autoscrollToSource />
      <autoscrollFromSource />
      <sortByType />
      <manualOrder />
      <foldersAlwaysOnTop value="true" />
    </navigator>
    <panes>
      <pane id="ProjectPane">
        <subPane>
          <PATH>
            <PATH_ELEMENT>
              <option name="myItemId" value="XcxShopApp" />
              <option name="myItemType" value="com.intellij.ide.projectView.impl.nodes.ProjectViewProjectNode" />
            </PATH_ELEMENT>
          </PATH>
          <PATH>
            <PATH_ELEMENT>
              <option name="myItemId" value="XcxShopApp" />
              <option name="myItemType" value="com.intellij.ide.projectView.impl.nodes.ProjectViewProjectNode" />
            </PATH_ELEMENT>
            <PATH_ELEMENT>
              <option name="myItemId" value="XcxShopApp" />
              <option name="myItemType" value="com.intellij.ide.projectView.impl.nodes.PsiDirectoryNode" />
            </PATH_ELEMENT>
          </PATH>
        </subPane>
      </pane>
      <pane id="Scratches" />
      <pane id="Scope" />
    </panes>
  </component>
  <component name="PropertiesComponent">
    <property name="settings.editor.selected.configurable" value="com.jetbrains.python.templateLanguages.PyTemplateLanguageModulesConfigurable" />
    <property name="settings.editor.splitter.proportion" value="0.2" />
    <property name="last_opened_file_path" value="$PROJECT_DIR$" />
    <property name="WebServerToolWindowFactoryState" value="false" />
  </component>
  <component name="RunManager">
    <configuration default="true" type="DjangoTestsConfigurationType" factoryName="Django tests">
      <option name="INTERPRETER_OPTIONS" value="" />
      <option name="PARENT_ENVS" value="true" />
      <envs>
        <env name="PYTHONUNBUFFERED" value="1" />
      </envs>
      <option name="SDK_HOME" value="" />
      <option name="WORKING_DIRECTORY" value="" />
      <option name="IS_MODULE_SDK" value="false" />
      <option name="ADD_CONTENT_ROOTS" value="true" />
      <option name="ADD_SOURCE_ROOTS" value="true" />
      <module name="XcxShopApp" />
      <EXTENSION ID="PythonCoverageRunConfigurationExtension" enabled="false" sample_coverage="true" runner="coverage.py" />
      <option name="TARGET" value="" />
      <option name="SETTINGS_FILE" value="" />
      <option name="CUSTOM_SETTINGS" value="false" />
      <option name="USE_OPTIONS" value="false" />
      <option name="OPTIONS" value="" />
      <method />
    </configuration>
    <configuration default="true" type="JavascriptDebugType" factoryName="JavaScript Debug">
      <method />
    </configuration>
    <configuration default="true" type="PyBehaveRunConfigurationType" factoryName="Behave">
      <option name="INTERPRETER_OPTIONS" value="" />
      <option name="PARENT_ENVS" value="true" />
      <envs />
      <option name="SDK_HOME" value="" />
      <option name="WORKING_DIRECTORY" value="" />
      <option name="IS_MODULE_SDK" value="false" />
      <option name="ADD_CONTENT_ROOTS" value="true" />
      <option name="ADD_SOURCE_ROOTS" value="true" />
      <module name="XcxShopApp" />
      <EXTENSION ID="PythonCoverageRunConfigurationExtension" enabled="false" sample_coverage="true" runner="coverage.py" />
      <option name="ADDITIONAL_ARGS" value="" />
      <method />
    </configuration>
    <configuration default="true" type="PyLettuceRunConfigurationType" factoryName="Lettuce">
      <option name="INTERPRETER_OPTIONS" value="" />
      <option name="PARENT_ENVS" value="true" />
      <envs />
      <option name="SDK_HOME" value="" />
      <option name="WORKING_DIRECTORY" value="" />
      <option name="IS_MODULE_SDK" value="false" />
      <option name="ADD_CONTENT_ROOTS" value="true" />
      <option name="ADD_SOURCE_ROOTS" value="true" />
      <module name="XcxShopApp" />
      <EXTENSION ID="PythonCoverageRunConfigurationExtension" enabled="false" sample_coverage="true" runner="coverage.py" />
      <option name="ADDITIONAL_ARGS" value="" />
      <method />
    </configuration>
    <configuration default="true" type="PythonConfigurationType" factoryName="Python">
      <option name="INTERPRETER_OPTIONS" value="" />
      <option name="PARENT_ENVS" value="true" />
      <envs>
        <env name="PYTHONUNBUFFERED" value="1" />
      </envs>
      <option name="SDK_HOME" value="" />
      <option name="WORKING_DIRECTORY" value="" />
      <option name="IS_MODULE_SDK" value="false" />
      <option name="ADD_CONTENT_ROOTS" value="true" />
      <option name="ADD_SOURCE_ROOTS" value="true" />
      <module name="XcxShopApp" />
      <EXTENSION ID="PythonCoverageRunConfigurationExtension" enabled="false" sample_coverage="true" runner="coverage.py" />
      <option name="SCRIPT_NAME" value="" />
      <option name="PARAMETERS" value="" />
      <option name="SHOW_COMMAND_LINE" value="false" />
      <method />
    </configuration>
    <configuration default="true" type="Tox" factoryName="Tox">
      <option name="INTERPRETER_OPTIONS" value="" />
      <option name="PARENT_ENVS" value="true" />
      <envs />
      <option name="SDK_HOME" value="" />
      <option name="WORKING_DIRECTORY" value="" />
      <option name="IS_MODULE_SDK" value="false" />
      <option name="ADD_CONTENT_ROOTS" value="true" />
      <option name="ADD_SOURCE_ROOTS" value="true" />
      <EXTENSION ID="PythonCoverageRunConfigurationExtension" enabled="false" sample_coverage="true" runner="coverage.py" />
      <module name="XcxShopApp" />
      <method />
    </configuration>
    <configuration default="true" type="js.build_tools.gulp" factoryName="Gulp.js">
      <node-interpreter>project</node-interpreter>
      <node-options />
      <gulpfile />
      <tasks />
      <arguments />
      <envs />
      <method />
    </configuration>
    <configuration default="true" type="js.build_tools.npm" factoryName="npm">
      <command value="run-script" />
      <scripts />
      <node-interpreter value="project" />
      <envs />
      <method />
    </configuration>
    <configuration default="true" type="tests" factoryName="Attests">
      <option name="INTERPRETER_OPTIONS" value="" />
      <option name="PARENT_ENVS" value="true" />
      <envs />
      <option name="SDK_HOME" value="" />
      <option name="WORKING_DIRECTORY" value="" />
      <option name="IS_MODULE_SDK" value="false" />
      <option name="ADD_CONTENT_ROOTS" value="true" />
      <option name="ADD_SOURCE_ROOTS" value="true" />
      <module name="XcxShopApp" />
      <EXTENSION ID="PythonCoverageRunConfigurationExtension" enabled="false" sample_coverage="true" runner="coverage.py" />
      <option name="SCRIPT_NAME" value="" />
      <option name="CLASS_NAME" value="" />
      <option name="METHOD_NAME" value="" />
      <option name="FOLDER_NAME" value="" />
      <option name="TEST_TYPE" value="TEST_SCRIPT" />
      <option name="PATTERN" value="" />
      <option name="USE_PATTERN" value="false" />
      <method />
    </configuration>
    <configuration default="true" type="tests" factoryName="Doctests">
      <option name="INTERPRETER_OPTIONS" value="" />
      <option name="PARENT_ENVS" value="true" />
      <envs />
      <option name="SDK_HOME" value="" />
      <option name="WORKING_DIRECTORY" value="" />
      <option name="IS_MODULE_SDK" value="false" />
      <option name="ADD_CONTENT_ROOTS" value="true" />
      <option name="ADD_SOURCE_ROOTS" value="true" />
      <module name="XcxShopApp" />
      <EXTENSION ID="PythonCoverageRunConfigurationExtension" enabled="false" sample_coverage="true" runner="coverage.py" />
      <option name="SCRIPT_NAME" value="" />
      <option name="CLASS_NAME" value="" />
      <option name="METHOD_NAME" value="" />
      <option name="FOLDER_NAME" value="" />
      <option name="TEST_TYPE" value="TEST_SCRIPT" />
      <option name="PATTERN" value="" />
      <option name="USE_PATTERN" value="false" />
      <method />
    </configuration>
    <configuration default="true" type="tests" factoryName="Nosetests">
      <option name="INTERPRETER_OPTIONS" value="" />
      <option name="PARENT_ENVS" value="true" />
      <envs />
      <option name="SDK_HOME" value="" />
      <option name="WORKING_DIRECTORY" value="" />
      <option name="IS_MODULE_SDK" value="false" />
      <option name="ADD_CONTENT_ROOTS" value="true" />
      <option name="ADD_SOURCE_ROOTS" value="true" />
      <module name="XcxShopApp" />
      <EXTENSION ID="PythonCoverageRunConfigurationExtension" enabled="false" sample_coverage="true" runner="coverage.py" />
      <option name="SCRIPT_NAME" value="" />
      <option name="CLASS_NAME" value="" />
      <option name="METHOD_NAME" value="" />
      <option name="FOLDER_NAME" value="" />
      <option name="TEST_TYPE" value="TEST_SCRIPT" />
      <option name="PATTERN" value="" />
      <option name="USE_PATTERN" value="false" />
      <option name="PARAMS" value="" />
      <option name="USE_PARAM" value="false" />
      <method />
    </configuration>
    <configuration default="true" type="tests" factoryName="Unittests">
      <option name="INTERPRETER_OPTIONS" value="" />
      <option name="PARENT_ENVS" value="true" />
      <envs />
      <option name="SDK_HOME" value="" />
      <option name="WORKING_DIRECTORY" value="" />
      <option name="IS_MODULE_SDK" value="false" />
      <option name="ADD_CONTENT_ROOTS" value="true" />
      <option name="ADD_SOURCE_ROOTS" value="true" />
      <module name="XcxShopApp" />
      <EXTENSION ID="PythonCoverageRunConfigurationExtension" enabled="false" sample_coverage="true" runner="coverage.py" />
      <option name="SCRIPT_NAME" value="" />
      <option name="CLASS_NAME" value="" />
      <option name="METHOD_NAME" value="" />
      <option name="FOLDER_NAME" value="" />
      <option name="TEST_TYPE" value="TEST_SCRIPT" />
      <option name="PATTERN" value="" />
      <option name="USE_PATTERN" value="false" />
      <option name="PUREUNITTEST" value="true" />
      <option name="PARAMS" value="" />
      <option name="USE_PARAM" value="false" />
      <method />
    </configuration>
    <configuration default="true" type="tests" factoryName="py.test">
      <option name="INTERPRETER_OPTIONS" value="" />
      <option name="PARENT_ENVS" value="true" />
      <envs />
      <option name="SDK_HOME" value="" />
      <option name="WORKING_DIRECTORY" value="" />
      <option name="IS_MODULE_SDK" value="false" />
      <option name="ADD_CONTENT_ROOTS" value="true" />
      <option name="ADD_SOURCE_ROOTS" value="true" />
      <module name="XcxShopApp" />
      <EXTENSION ID="PythonCoverageRunConfigurationExtension" enabled="false" sample_coverage="true" runner="coverage.py" />
      <option name="SCRIPT_NAME" value="" />
      <option name="CLASS_NAME" value="" />
      <option name="METHOD_NAME" value="" />
      <option name="FOLDER_NAME" value="" />
      <option name="TEST_TYPE" value="TEST_SCRIPT" />
      <option name="PATTERN" value="" />
      <option name="USE_PATTERN" value="false" />
      <option name="testToRun" value="" />
      <option name="keywords" value="" />
      <option name="params" value="" />
      <option name="USE_PARAM" value="false" />
      <option name="USE_KEYWORD" value="false" />
      <method />
    </configuration>
  </component>
  <component name="ShelveChangesManager" show_recycled="false">
    <option name="remove_strategy" value="false" />
  </component>
  <component name="TaskManager">
    <task active="true" id="Default" summary="Default task">
      <changelist id="a396ce51-5d83-437d-8481-367a389bd1b9" name="Default" comment="" />
      <changelist id="33cfa665-3d93-4af9-933b-82110a19d1d8" name="New changelist" comment="" />
      <created>1504483891400</created>
      <option name="number" value="Default" />
      <option name="presentableId" value="Default" />
      <updated>1504483891400</updated>
    </task>
    <task id="LOCAL-00001" summary="init">
      <created>1504484221562</created>
      <option name="number" value="00001" />
      <option name="presentableId" value="LOCAL-00001" />
      <option name="project" value="LOCAL" />
      <updated>1504484221562</updated>
    </task>
    <option name="localTasksCounter" value="2" />
    <servers />
  </component>
  <component name="TodoView">
    <todo-panel id="selected-file">
      <is-autoscroll-to-source value="true" />
    </todo-panel>
    <todo-panel id="all">
      <are-packages-shown value="true" />
      <is-autoscroll-to-source value="true" />
    </todo-panel>
  </component>
  <component name="ToolWindowManager">
    <frame x="86" y="23" width="1354" height="827" extended-state="0" />
    <editor active="false" />
    <layout>
      <window_info id="Project" active="false" anchor="left" auto_hide="false" internal_type="DOCKED" type="DOCKED" visible="true" show_stripe_button="true" weight="0.25381097" sideWeight="0.5" order="0" side_tool="false" content_ui="combo" />
      <window_info id="TODO" active="false" anchor="bottom" auto_hide="false" internal_type="DOCKED" type="DOCKED" visible="false" show_stripe_button="true" weight="0.3292517" sideWeight="0.5" order="6" side_tool="false" content_ui="tabs" />
      <window_info id="Event Log" active="false" anchor="bottom" auto_hide="false" internal_type="DOCKED" type="DOCKED" visible="false" show_stripe_button="true" weight="0.33" sideWeight="0.5" order="7" side_tool="true" content_ui="tabs" />
      <window_info id="Database" active="false" anchor="right" auto_hide="false" internal_type="DOCKED" type="DOCKED" visible="false" show_stripe_button="true" weight="0.33" sideWeight="0.5" order="3" side_tool="false" content_ui="tabs" />
      <window_info id="Find" active="false" anchor="bottom" auto_hide="false" internal_type="DOCKED" type="DOCKED" visible="false" show_stripe_button="true" weight="0.33" sideWeight="0.5" order="1" side_tool="false" content_ui="tabs" />
      <window_info id="Version Control" active="false" anchor="bottom" auto_hide="false" internal_type="DOCKED" type="DOCKED" visible="false" show_stripe_button="true" weight="0.32789117" sideWeight="0.5" order="7" side_tool="false" content_ui="tabs" />
      <window_info id="Python Console" active="true" anchor="bottom" auto_hide="false" internal_type="DOCKED" type="DOCKED" visible="true" show_stripe_button="true" weight="0.3292517" sideWeight="0.5" order="7" side_tool="false" content_ui="tabs" />
      <window_info id="Structure" active="false" anchor="left" auto_hide="false" internal_type="DOCKED" type="DOCKED" visible="false" show_stripe_button="true" weight="0.25" sideWeight="0.5" order="1" side_tool="false" content_ui="tabs" />
      <window_info id="Terminal" active="false" anchor="bottom" auto_hide="false" internal_type="DOCKED" type="DOCKED" visible="false" show_stripe_button="true" weight="0.3292517" sideWeight="0.5" order="7" side_tool="false" content_ui="tabs" />
      <window_info id="Favorites" active="false" anchor="left" auto_hide="false" internal_type="DOCKED" type="DOCKED" visible="false" show_stripe_button="true" weight="0.33" sideWeight="0.5" order="2" side_tool="true" content_ui="tabs" />
      <window_info id="Cvs" active="false" anchor="bottom" auto_hide="false" internal_type="DOCKED" type="DOCKED" visible="false" show_stripe_button="true" weight="0.25" sideWeight="0.5" order="4" side_tool="false" content_ui="tabs" />
      <window_info id="Message" active="false" anchor="bottom" auto_hide="false" internal_type="DOCKED" type="DOCKED" visible="false" show_stripe_button="true" weight="0.33" sideWeight="0.5" order="0" side_tool="false" content_ui="tabs" />
      <window_info id="Commander" active="false" anchor="right" auto_hide="false" internal_type="DOCKED" type="DOCKED" visible="false" show_stripe_button="true" weight="0.4" sideWeight="0.5" order="0" side_tool="false" content_ui="tabs" />
      <window_info id="Inspection" active="false" anchor="bottom" auto_hide="false" internal_type="DOCKED" type="DOCKED" visible="false" show_stripe_button="true" weight="0.4" sideWeight="0.5" order="5" side_tool="false" content_ui="tabs" />
      <window_info id="Run" active="false" anchor="bottom" auto_hide="false" internal_type="DOCKED" type="DOCKED" visible="false" show_stripe_button="true" weight="0.33" sideWeight="0.5" order="2" side_tool="false" content_ui="tabs" />
      <window_info id="Hierarchy" active="false" anchor="right" auto_hide="false" internal_type="DOCKED" type="DOCKED" visible="false" show_stripe_button="true" weight="0.25" sideWeight="0.5" order="2" side_tool="false" content_ui="combo" />
      <window_info id="Ant Build" active="false" anchor="right" auto_hide="false" internal_type="DOCKED" type="DOCKED" visible="false" show_stripe_button="true" weight="0.25" sideWeight="0.5" order="1" side_tool="false" content_ui="tabs" />
      <window_info id="Debug" active="false" anchor="bottom" auto_hide="false" internal_type="DOCKED" type="DOCKED" visible="false" show_stripe_button="true" weight="0.4" sideWeight="0.5" order="3" side_tool="false" content_ui="tabs" />
    </layout>
  </component>
  <component name="Vcs.Log.Tabs.Properties">
    <option name="TAB_STATES">
      <map>
        <entry key="MAIN">
          <value>
            <State>
              <option name="RECENTLY_FILTERED_USER_GROUPS">
                <collection />
              </option>
              <option name="RECENTLY_FILTERED_BRANCH_GROUPS">
                <collection />
              </option>
            </State>
          </value>
        </entry>
      </map>
    </option>
  </component>
  <component name="Vcs.Log.UiProperties">
    <option name="RECENTLY_FILTERED_USER_GROUPS">
      <collection />
    </option>
    <option name="RECENTLY_FILTERED_BRANCH_GROUPS">
      <collection />
    </option>
  </component>
  <component name="VcsContentAnnotationSettings">
    <option name="myLimit" value="2678400000" />
  </component>
  <component name="VcsManagerConfiguration">
    <MESSAGE value="init" />
    <option name="LAST_COMMIT_MESSAGE" value="init" />
    <option name="PRESELECT_EXISTING_CHANGELIST" value="false" />
  </component>
  <component name="XDebuggerManager">
    <breakpoint-manager />
    <watches-manager />
  </component>
  <component name="editorHistoryManager">
    <entry file="file://$PROJECT_DIR$/.gitignore">
      <provider selected="true" editor-type-id="text-editor">
        <state relative-caret-position="18">
          <caret line="1" column="6" selection-start-line="1" selection-start-column="6" selection-end-line="1" selection-end-column="6" />
          <folding />
        </state>
      </provider>
    </entry>
  </component>
</project>